{
  "coeff_end": 1.0,
  "coeff_losses_learned_matching": {
    "0.000000": 5.132749080657959,
    "0.100000": 5.085721492767334,
    "0.200000": 5.055307865142822,
    "0.300000": 5.045917987823486,
    "0.400000": 5.054351329803467,
    "0.500000": 5.063596725463867,
    "0.600000": 5.0594000816345215,
    "0.700000": 5.05232048034668,
    "0.800000": 5.0576395988464355,
    "0.900000": 5.078566551208496,
    "1.000000": 5.112911224365234
  },
  "coeff_losses_vanilla": {
    "0.000000": 5.132748603820801,
    "0.100000": 5.112790584564209,
    "0.200000": 5.294203281402588,
    "0.300000": 5.697618007659912,
    "0.400000": 6.2625346183776855,
    "0.500000": 6.662583351135254,
    "0.600000": 6.344490051269531,
    "0.700000": 5.761131763458252,
    "0.800000": 5.329172134399414,
    "0.900000": 5.118019104003906,
    "1.000000": 5.112911224365234
  },
  "coeff_losses_weight_matching": {
    "0.000000": 5.132749080657959,
    "0.100000": 5.096606731414795,
    "0.200000": 5.095736980438232,
    "0.300000": 5.142129898071289,
    "0.400000": 5.218554973602295,
    "0.500000": 5.257880210876465,
    "0.600000": 5.21469783782959,
    "0.700000": 5.135247230529785,
    "0.800000": 5.086112976074219,
    "0.900000": 5.082943916320801,
    "1.000000": 5.112911224365234
  },
  "coeff_start": 0.0,
  "coeff_step": 0.1,
  "coeffs": [
    0.0,
    0.1,
    0.2,
    0.3,
    0.4,
    0.5,
    0.6,
    0.7,
    0.8,
    0.9,
    1.0
  ],
  "permutations_only": false,
  "vanilla_supported": true
}